<?xml version='1.0' encoding='utf-8' standalone='yes' ?>
<map>
    <int name="num_notification_channels_created" value="3" />
    <string name="com.yowhats.sofitab.registration.RegisterPhone.mistyped_state">7</string>
    <int name="pref_autoconf_verification_status" value="-1" />
    <int name="registration_voice_code_length" value="6" />
    <int name="reg_attempts_check_exist" value="1" />
    <string name="sticker_store_etag">01451c23144d09b14f162d3c3e50c618</string>
    <int name="c2dm_app_vers" value="230975004" />
    <long name="ka_retried_ts" value="1690908614" />
    <int name="connection_lc" value="0" />
    <boolean name="signal_protocol_store_is_new" value="true" />
    <string name="pref_pre_chatd_ab_hash">2XFgx5</string>
    <long name="client_version_upgrade_timestamp" value="1690908594564" />
    <long name="sticker_store_last_fetch_time" value="1690908595810" />
    <long name="eula_accepted_time" value="1690908599136" />
    <int name="reg_skip_storage_perm" value="0" />
    <boolean name="is_ls_shown_during_reg" value="true" />
    <boolean name="pref_flash_call_education_screen_displayed" value="true" />
    <long name="sticker_store_backoff_time" value="0" />
    <string name="registration_failure_reason">voice-blocked</string>
    <boolean name="reg_prefill_name" value="true" />
    <long name="ka_refresh_ts" value="1690908614" />
    <int name="notification_channels_schema_version" value="2" />
    <string name="pref_email_otp_status">email_otp_not_eligible</string>
    <int name="sticker_store_backoff_attempt" value="0" />
    <int name="registration_sms_code_length" value="6" />
    <long name="app_background_time" value="45431967" />
    <long name="last_heartbeat_login" value="1690853743741" />
    <boolean name="input_enter_send" value="false" />
    <string name="phoneid_id1">9873f6a9-3178-4ce6-89fd-ed0206aebfe6</string>
    <boolean name="companion_reg_opt_in_enabled" value="true" />
    <boolean name="md_opt_in_show_forced_dialog" value="true" />
    <boolean name="pref_prefer_sms_over_flash" value="false" />
    <string name="backup_token_source">block_store</string>
    <long name="dithered_last_signed_prekey_rotation" value="1689104940745" />
    <string name="pref_autoconf_feo2_query_status">error_security_exception</string>
    <string name="c2dm_reg_id">cu2OmxjNwJk:APA91bHr7dkSrvhAubk-9Zs3YUL0npUp2v1V8vygd0hY2kbq5NZ74EqavKftGjLqsSzDlcMrGDcsjn0FTgb-jdEWbT9qr4OW6oO4Ou5g0EXoMKBuBDS2f-vimnO2WrqLXKt32yQplBLX</string>
    <string name="pref_autoconf_status">autoconf_server_enabled</string>
    <boolean name="registration_use_sms_retriever" value="true" />
    <int name="pref_flash_call_education_link_clicked" value="0" />
    <long name="next_randomized_daily_cron" value="1690915208121" />
    <int name="pref_flash_call_call_log_permission_granted" value="1" />
    <boolean name="is_eula_loaded_once" value="true" />
    <string name="cc">91</string>
    <int name="pref_flash_call_manage_call_permission_granted" value="1" />
    <string name="token_used_during_reg">YFPMZcQhYjIeW2omS6FzwcE978s</string>
    <long name="phoneid_timestamp1" value="1690908593823" />
    <boolean name="report_unhealthy_module" value="true" />
    <string name="pref_secondary_flash_call_status">secondary_failed</string>
    <string name="external_storage_type">scoped</string>
    <string name="smb_app_install_source">unknown|unknown</string>
    <int name="reg_attempts_generate_code" value="1" />
    <int name="autoconf_type" value="-1" />
    <boolean name="fingerprint_authentication_needed" value="true" />
    <int name="logins_with_messages" value="0" />
    <string name="perf_device_id">d06bab24-cc1d-44dc-af35-bbaabe90ea14</string>
    <int name="notification_channel_upgrade_version" value="1" />
    <string name="ph">6377820705</string>
</map>
