<?xml version='1.0' encoding='utf-8' standalone='yes' ?>
<map>
    <string name="com.yowhats.sofitab.registration.RegisterPhone.input_phone_number">6377 820 705</string>
    <int name="com.yowhats.sofitab.registration.RegisterPhone.country_code_position" value="-1" />
    <int name="com.yowhats.sofitab.registration.RegisterPhone.verification_state" value="0" />
    <string name="com.yowhats.sofitab.registration.RegisterPhone.input_country_code">91</string>
    <string name="com.yowhats.sofitab.registration.RegisterPhone.phone_number">6377820705</string>
    <int name="com.yowhats.sofitab.registration.RegisterPhone.phone_number_position" value="10" />
    <string name="com.yowhats.sofitab.registration.RegisterPhone.country_code">91</string>
</map>
