<?xml version='1.0' encoding='utf-8' standalone='yes' ?>
<map>
    <long name="3b5806521b3a802e568fb14cadb74b99" value="2040000" />
    <long name="587133dcb5f3652c2d7368b05a603e5e" value="1690908595040" />
    <string name="74b67f3895560f2185c6ab7b58aca573">RjRLxNExaWzOJ9/MTXJZPeqz0nC5YjsAYmieHlCWMsifC0z+6x4wMFtlN9Odv85N09jgqEKwj0uA&#10;DFLhqHVhFdn0XtUduBAVmE31wkladWSRGFPntx1zhkEuIosVULf3bfMKeyT+CZim9h4xXMZmROdk&#10;FBmandlrI2hLJZJus3w=&#10;    </string>
    <long name="c9a55618c6c0b1800971e107e0a9c14f" value="1690908841526" />
    <string name="7d789af78faec1caa1baf7622d55667d">DFEEB43E00LJN99JS50030LCH90000CQ</string>
    <string name="eccad30a9d666294545a568577adbaa9">ekLLD6dX8aw6VN</string>
</map>
