<?xml version='1.0' encoding='utf-8' standalone='yes' ?>
<map>
    <long name="last_ntp_client_time" value="1690908593917" />
    <boolean name="async_tasks_pending_for_version_change" value="false" />
    <long name="client_ntp_time_diff" value="1759" />
    <int name="registration_state" value="1" />
    <int name="registration_device_id" value="0" />
    <boolean name="run_on_connect_tasks_for_version_change" value="true" />
    <boolean name="force_db_check" value="true" />
    <string name="forced_language">hi-IN</string>
    <int name="startup_migrated_version" value="8" />
    <string name="version">2.23.9.75</string>
</map>
